"kernel_type","dist","AIC","par1name","par1est","par2name","par2est"
"DK","gamma","60792","shape","2.09071600348202","rate","0.000967110491664611"
"DK2","gamma",NA,"shape","2.53360241330619","rate","0.000799263920796731"
"DK","lnorm","60659","meanlog","7.45511844661743","sdlog","0.815323389729355"
"DK2","lnorm",NA,"meanlog","7.91568545451097","sdlog","0.798200813129703"
"DK","weibull","61117","shape","1.44357734787142","scale","2455.61010272297"
"DK2","weibull",NA,"shape","1.71797577295714","scale","3697.42176328607"
