"inc_ml","inc_sdlog"
2.82293388371213,0.948658380666151
