"inc_ml","inc_sdlog"
2.82786323386231,0.946481059426491
