"SI_ml","SI_sdlog","SI2_ml","SI2_sdlog"
2.86150696382373,0.949732866513013,3.7472879902631,0.712910274447991
