"SI_ml","SI_sdlog","SI2_ml","SI2_sdlog"
2.85208982749063,0.97182933082235,3.74569721940868,0.730685713980216
